step,coarse_err,detail_err,median_edge_dist,frac_edges_inside
0.000000000000000000e+00,4.953264713287353516e+00,1.000000357627868652e+00,0.000000000000000000e+00,1.000000000000000000e+00
2.500000000000000000e+01,3.812672197818756104e-01,9.977549314498901367e-01,2.055893465876579285e-02,1.000000000000000000e+00
5.000000000000000000e+01,4.265654385089874268e-01,9.978277087211608887e-01,1.834792830049991608e-02,1.000000000000000000e+00
1.000000000000000000e+02,2.604761421680450439e-01,9.845042824745178223e-01,2.762376889586448669e-02,1.000000000000000000e+00
2.000000000000000000e+02,2.177076339721679688e-01,9.636350274085998535e-01,5.789836123585700989e-02,1.000000000000000000e+00
3.000000000000000000e+02,1.247002035379409790e-01,9.469205737113952637e-01,7.584077119827270508e-02,1.000000000000000000e+00
4.000000000000000000e+02,1.314572691917419434e-01,9.283457994461059570e-01,8.635318279266357422e-02,1.000000000000000000e+00
5.000000000000000000e+02,1.278964579105377197e-01,9.057995080947875977e-01,9.581943601369857788e-02,1.000000000000000000e+00
6.000000000000000000e+02,1.297566890716552734e-01,9.197947978973388672e-01,9.178502857685089111e-02,1.000000000000000000e+00
7.000000000000000000e+02,9.172908961772918701e-02,8.568478226661682129e-01,1.055537536740303040e-01,1.000000000000000000e+00
8.000000000000000000e+02,1.149957478046417236e-01,8.533605337142944336e-01,1.121444702148437500e-01,1.000000000000000000e+00
9.000000000000000000e+02,6.993890553712844849e-02,8.329139351844787598e-01,1.198415160179138184e-01,1.000000000000000000e+00
1.000000000000000000e+03,7.111585885286331177e-02,8.115994930267333984e-01,1.243200153112411499e-01,1.000000000000000000e+00
1.100000000000000000e+03,7.530672103166580200e-02,7.561709284782409668e-01,1.274177432060241699e-01,1.000000000000000000e+00
1.200000000000000000e+03,8.900498598814010620e-02,7.948285937309265137e-01,1.312645375728607178e-01,1.000000000000000000e+00
1.300000000000000000e+03,7.829409837722778320e-02,7.873622179031372070e-01,1.288284063339233398e-01,1.000000000000000000e+00
1.400000000000000000e+03,6.441634893417358398e-02,6.865172982215881348e-01,1.349781751632690430e-01,1.000000000000000000e+00
1.500000000000000000e+03,4.469259083271026611e-02,6.601630449295043945e-01,1.364533603191375732e-01,1.000000000000000000e+00
1.600000000000000000e+03,5.676170811057090759e-02,6.665005087852478027e-01,1.325693428516387939e-01,1.000000000000000000e+00
1.700000000000000000e+03,5.138571932911872864e-02,6.318295598030090332e-01,1.365060806274414062e-01,1.000000000000000000e+00
1.800000000000000000e+03,7.743059098720550537e-02,6.519498229026794434e-01,1.372208893299102783e-01,1.000000000000000000e+00
1.900000000000000000e+03,4.943395033478736877e-02,5.858483910560607910e-01,1.342670917510986328e-01,1.000000000000000000e+00
2.000000000000000000e+03,2.362301573157310486e-02,5.808430910110473633e-01,1.379576921463012695e-01,1.000000000000000000e+00
2.100000000000000000e+03,3.321373462677001953e-02,6.290570497512817383e-01,1.422599703073501587e-01,1.000000000000000000e+00
2.200000000000000000e+03,3.449138998985290527e-02,5.601932406425476074e-01,1.415333747863769531e-01,1.000000000000000000e+00
2.300000000000000000e+03,7.562886923551559448e-02,6.494248509407043457e-01,1.388739198446273804e-01,1.000000000000000000e+00
2.400000000000000000e+03,2.607923187315464020e-02,5.103334784507751465e-01,1.401300281286239624e-01,1.000000000000000000e+00
2.500000000000000000e+03,2.255458012223243713e-02,4.543066620826721191e-01,1.437023580074310303e-01,1.000000000000000000e+00
2.600000000000000000e+03,3.270715847611427307e-02,4.604307413101196289e-01,1.495954096317291260e-01,1.000000000000000000e+00
2.700000000000000000e+03,2.010350488126277924e-02,4.853883683681488037e-01,1.456871330738067627e-01,1.000000000000000000e+00
2.800000000000000000e+03,3.090374544262886047e-02,4.795470237731933594e-01,1.424949467182159424e-01,1.000000000000000000e+00
2.900000000000000000e+03,3.468938916921615601e-02,4.565143287181854248e-01,1.455875337123870850e-01,1.000000000000000000e+00
3.000000000000000000e+03,1.848635077476501465e-02,4.102337062358856201e-01,1.444137394428253174e-01,1.000000000000000000e+00
3.100000000000000000e+03,1.775064691901206970e-02,4.121699929237365723e-01,1.444413959980010986e-01,1.000000000000000000e+00
3.200000000000000000e+03,1.401798333972692490e-02,4.139433503150939941e-01,1.476544737815856934e-01,1.000000000000000000e+00
3.300000000000000000e+03,1.921962574124336243e-02,3.976409435272216797e-01,1.488031446933746338e-01,1.000000000000000000e+00
3.400000000000000000e+03,3.278405219316482544e-02,4.237348437309265137e-01,1.458689570426940918e-01,1.000000000000000000e+00
3.500000000000000000e+03,7.566888630390167236e-02,5.222405791282653809e-01,1.477036029100418091e-01,1.000000000000000000e+00
3.600000000000000000e+03,2.267786301672458649e-02,3.669744729995727539e-01,1.547188013792037964e-01,1.000000000000000000e+00
3.700000000000000000e+03,2.117983438074588776e-02,3.792178928852081299e-01,1.486134082078933716e-01,1.000000000000000000e+00
3.800000000000000000e+03,3.795672953128814697e-02,3.957210481166839600e-01,1.493397653102874756e-01,1.000000000000000000e+00
3.900000000000000000e+03,4.966420680284500122e-02,4.661529660224914551e-01,1.590368300676345825e-01,1.000000000000000000e+00
4.000000000000000000e+03,3.338606655597686768e-02,3.812832534313201904e-01,1.576954722404479980e-01,1.000000000000000000e+00
